<?xml version="1.0" encoding="UTF-8"?>
<project-private xmlns="http://www.netbeans.org/ns/project-private/1">
    <open-files xmlns="http://www.netbeans.org/ns/projectui-open-files/2">
        <group>
            <file>file:/C:/Users/ken/Documents/NetBeansProjects/MessageBoard/controllers/admin/index.php</file>
            <file>file:/C:/Users/ken/Documents/NetBeansProjects/MessageBoard/index.php</file>
            <file>file:/C:/Users/ken/Documents/NetBeansProjects/MessageBoard/controllers/admin/post_message.php</file>
            <file>file:/C:/Users/ken/Documents/NetBeansProjects/MessageBoard/views/messages_view.php</file>
            <file>file:/C:/Users/ken/Documents/NetBeansProjects/MessageBoard/views/navigation.php</file>
            <file>file:/C:/Users/ken/Documents/NetBeansProjects/MessageBoard/db/messages.txt</file>
            <file>file:/C:/Users/ken/Documents/NetBeansProjects/MessageBoard/models/Messages.php</file>
            <file>file:/C:/Users/ken/Documents/NetBeansProjects/MessageBoard/views/post_message_form.php</file>
            <file>file:/C:/Users/ken/Documents/NetBeansProjects/MessageBoard/controllers/admin/delete_message.php</file>
            <file>file:/C:/Users/ken/Documents/NetBeansProjects/MessageBoard/controllers/guest/index.php</file>
            <file>file:/C:/Users/ken/Documents/NetBeansProjects/MessageBoard/views/page.php</file>
            <file>file:/C:/Users/ken/Documents/NetBeansProjects/MessageBoard/views/navigation_front.php</file>
        </group>
    </open-files>
</project-private>
