<?xml version="1.0" encoding="UTF-8"?>
<project-private xmlns="http://www.netbeans.org/ns/project-private/1">
    <editor-bookmarks xmlns="http://www.netbeans.org/ns/editor-bookmarks/2" lastBookmarkId="0"/>
    <open-files xmlns="http://www.netbeans.org/ns/projectui-open-files/2">
        <group>
            <file>file:/C:/Users/ken/Documents/NetBeansProjects/PetstoreMVC_DB/db/CreateDB.php</file>
            <file>file:/C:/Users/ken/Documents/NetBeansProjects/PetstoreMVC_DB/index.php</file>
            <file>file:/C:/Users/ken/Documents/NetBeansProjects/PetstoreMVC_DB/models/PetRepository.php</file>
            <file>file:/C:/Users/ken/Documents/NetBeansProjects/PetstoreMVC_DB/models/PetModel.php</file>
            <file>file:/C:/Users/ken/Documents/NetBeansProjects/PetstoreMVC_DB/views/petlist_view.php</file>
            <file>file:/C:/Users/ken/Documents/NetBeansProjects/PetstoreMVC_DB/views/edit_form.php</file>
            <file>file:/C:/Users/ken/Documents/NetBeansProjects/PetstoreMVC_DB/models/ImageModel.php</file>
            <file>file:/C:/Users/ken/Documents/NetBeansProjects/PetstoreMVC_DB/css/navigation2.css</file>
            <file>file:/C:/Users/ken/Documents/NetBeansProjects/PetstoreMVC_DB/controllers/admin/edit.php</file>
            <file>file:/C:/Users/ken/Documents/NetBeansProjects/PetstoreMVC_DB/controllers/admin/petlist.php</file>
            <file>file:/C:/Users/ken/Documents/NetBeansProjects/PetstoreMVC_DB/db/petdb.sql</file>
            <file>file:/C:/Users/ken/Documents/NetBeansProjects/PetstoreMVC_DB/db/db_connect.php</file>
        </group>
    </open-files>
</project-private>
