<?xml version="1.0" encoding="UTF-8"?>
<project-private xmlns="http://www.netbeans.org/ns/project-private/1">
    <editor-bookmarks xmlns="http://www.netbeans.org/ns/editor-bookmarks/2" lastBookmarkId="0"/>
    <open-files xmlns="http://www.netbeans.org/ns/projectui-open-files/2">
        <group>
            <file>file:/D:/temp/CS526-week5/MoreOnPHP/array_functions.php</file>
            <file>file:/D:/temp/CS526-week5/MoreOnPHP/array_sort.php</file>
            <file>file:/D:/temp/CS526-week5/MoreOnPHP/manipulate_arrays.php</file>
        </group>
    </open-files>
</project-private>
