<?xml version="1.0" encoding="UTF-8"?>
<project-private xmlns="http://www.netbeans.org/ns/project-private/1">
    <editor-bookmarks xmlns="http://www.netbeans.org/ns/editor-bookmarks/2" lastBookmarkId="0"/>
    <open-files xmlns="http://www.netbeans.org/ns/projectui-open-files/2">
        <group>
            <file>file:/D:/OneDrive/Documents/CS526/NetBeansProjects/FormDataPHP/get_radio_buttons_data.php</file>
            <file>file:/D:/OneDrive/Documents/CS526/NetBeansProjects/FormDataPHP/get_dropdown_list_data.php</file>
            <file>file:/D:/OneDrive/Documents/CS526/NetBeansProjects/FormDataPHP/get_listbox_data.php</file>
        </group>
    </open-files>
</project-private>
