<?xml version="1.0" encoding="UTF-8"?>
<project-private xmlns="http://www.netbeans.org/ns/project-private/1">
    <editor-bookmarks xmlns="http://www.netbeans.org/ns/editor-bookmarks/2" lastBookmarkId="0"/>
    <open-files xmlns="http://www.netbeans.org/ns/projectui-open-files/2">
        <group>
            <file>file:/C:/Users/ken/Documents/NetBeansProjects/petstore/views/add.php</file>
            <file>file:/C:/Users/ken/Documents/NetBeansProjects/petstore/classes/Uploader.php</file>
            <file>file:/C:/Users/ken/Documents/NetBeansProjects/petstore/index.php</file>
            <file>file:/C:/Users/ken/Documents/NetBeansProjects/petstore/views/add_form.php</file>
            <file>file:/C:/Users/ken/Documents/NetBeansProjects/petstore/views/gallery.php</file>
            <file>file:/C:/Users/ken/Documents/NetBeansProjects/petstore/views/petlist.php</file>
            <file>file:/C:/Users/ken/Documents/NetBeansProjects/petstore/css/layout.css</file>
            <file>file:/C:/Users/ken/Documents/NetBeansProjects/petstore/css/navigation.css</file>
            <file>file:/C:/Users/ken/Documents/NetBeansProjects/petstore/views/navigation.php</file>
        </group>
    </open-files>
</project-private>
