<?xml version="1.0" encoding="UTF-8"?>
<project-private xmlns="http://www.netbeans.org/ns/project-private/1">
    <editor-bookmarks xmlns="http://www.netbeans.org/ns/editor-bookmarks/2" lastBookmarkId="0"/>
    <open-files xmlns="http://www.netbeans.org/ns/projectui-open-files/2">
        <group>
            <file>file:/D:/OneDrive/Documents/CS526/NetBeansProjects/array_demo/message_board_mvc/index.php</file>
            <file>file:/D:/OneDrive/Documents/CS526/NetBeansProjects/array_demo/message_board_mvc/PostMessage.php</file>
            <file>file:/D:/OneDrive/Documents/CS526/NetBeansProjects/array_demo/message_board_mvc/ManageMessages.php</file>
            <file>file:/D:/OneDrive/Documents/CS526/NetBeansProjects/array_demo/message_board_mvc/Messages.php</file>
        </group>
    </open-files>
</project-private>
