<?xml version="1.0" encoding="UTF-8"?>
<project-private xmlns="http://www.netbeans.org/ns/project-private/1">
    <editor-bookmarks xmlns="http://www.netbeans.org/ns/editor-bookmarks/2" lastBookmarkId="0"/>
    <open-files xmlns="http://www.netbeans.org/ns/projectui-open-files/2">
        <group>
            <file>file:/C:/Users/ken/SkyDrive/Documents/CS526/Strings/change_case.php</file>
            <file>file:/C:/Users/ken/SkyDrive/Documents/CS526/Strings/search_string.php</file>
            <file>file:/C:/Users/ken/SkyDrive/Documents/CS526/Strings/validating_emailaddress.php</file>
            <file>file:/C:/Users/ken/SkyDrive/Documents/CS526/Strings/string_replace.php</file>
            <file>file:/C:/Users/ken/SkyDrive/Documents/CS526/Strings/message_template.php</file>
            <file>file:/C:/Users/ken/SkyDrive/Documents/CS526/Strings/string_token.php</file>
            <file>file:/C:/Users/ken/SkyDrive/Documents/CS526/Strings/strings_arrays.php</file>
            <file>file:/C:/Users/ken/SkyDrive/Documents/CS526/Strings/string_compare.php</file>
        </group>
    </open-files>
</project-private>
