<?xml version="1.0" encoding="UTF-8"?>
<project-private xmlns="http://www.netbeans.org/ns/project-private/1">
    <editor-bookmarks xmlns="http://www.netbeans.org/ns/editor-bookmarks/2" lastBookmarkId="0"/>
    <open-files xmlns="http://www.netbeans.org/ns/projectui-open-files/2">
        <group>
            <file>file:/C:/Users/ken/Documents/NetBeansProjects/BookAppMVC_Updated/style.css</file>
            <file>file:/C:/Users/ken/Documents/NetBeansProjects/BookAppMVC_Updated/model/publisher_repository.php</file>
            <file>file:/C:/Users/ken/Documents/NetBeansProjects/BookAppMVC_Updated/search_book/index.php</file>
            <file>file:/C:/Users/ken/Documents/NetBeansProjects/BookAppMVC_Updated/search_book/book_list.php</file>
            <file>file:/C:/Users/ken/Documents/NetBeansProjects/BookAppMVC_Updated/manage_book/index.php</file>
            <file>file:/C:/Users/ken/Documents/NetBeansProjects/BookAppMVC_Updated/manage_book/book_list.php</file>
            <file>file:/C:/Users/ken/Documents/NetBeansProjects/BookAppMVC_Updated/manage_book/book_add.php</file>
        </group>
    </open-files>
</project-private>
